Brand,Price,Rating
SADOER Fruit Blueplum Bath Salt Scrub Exfoliates and Cleanses Pores for Body Care Body Scrub Exfoliating Chicken Skin Bath Moisturizing Hydrating Hydrating Whole Body,360,(49)
"Professional Chicken Waterer Cups, 8 Packs Large Chicken Water Feeder, Tee Fittings Poultry Waterer Suitable for Duck, Chicks, Goose, Turkey, Bunny and Bird with Mounting Hole Opener",1219,(0)
Kitchen Poultry Fish Chicken Bone Stainless Steel Knife Cutter,1450,(1)
10/20/30/50ML Animal Veterinary Feeding Gun Continuous Drench Infusion Device Pig/cattle/sheep/chicken Vaccine Injection,3586,(0)
"New men's mountaineering bag camouflage bag, eating chicken, same style backpack, backpack, waterproof large capacity backpack",560,(71)
"Red Infrared Chicken Bulb Professional Farm Garage with 6000h Long Life Helps Maintain Animal Warmth. Pemium Quality with a Non-stick Base Infrared Brooder Heat Lamp Bulb, Poultry, chicken Bulb",749,(0)
"Wired Desktop Computer Ps5 Earphones, Illuminated Gaming Headset, E-Sports Headset, Chicken Eating Earphone  Wired Earphones",1099,(3)
Gamepad Telescopic For Apple IOS Android PUBG Switch PS4 Stretch Wireless BT 5.0 Phone Eat Chicken Game Controller Joystick,2999,(12)
50pcs Water Nipple Chicken Feeders and Drinkers poultry feeding water  Poultry Supply Chicken,2599,(17)
64-Eggs Automatic Egg Incubator Temperature Control Hatcher For Hatching Chicken Duck Bird Quail Poultry,13599,(0)
BEST 15 Egg Incubator Poultry Incubator Brooder Digital Temperature Farm Hatchery Egg Incubator Chicken Duck Bird Pigeon Hatcher,15099,(0)
silver crest Air Fryer 15L Smart Touch Screen Visual 3-layer Grill Chicken Wing,10500,(0)
Kitchen Deep Frying Pot 304 Stainless Steel Kitchen Fryer With Strainer Tempura Fryer Pan Chicken Fried Chicken Cooking Tools,1299,(6)
Chicken Infrared RED heat lamp light bulb + Free Porcelain Holder,1036,(4)
"Premium Quality Animalamp Red Infrared Bulb Chicken Bulbs Or PoultryTronic Infrared or Chicken bulbs. 250 watts, 220volts rated. Have a lot of heat needed for your poultry.  Rear your chickens with no",865,(0)
100PCS Chicken Foot Ring Marker Adjustable Size 1-100 Number Poultry Leg Label Buckle Ring for Farm Chick Duck Goose Suplies,1399,(5)
Red infrared chicken bulb...Helps maintain animal health ...professional farm garage,859,(0)
4PCS 20Cm Air Fryers Oven Baking Tray Fried Chicken Basket Mat Airfryer Silicone Pot Round Replacemen Grill Pan,2162,(0)
DP LIGHT 20W Portable Solar LED Light Bulb Rechargeable Solar Lamp for Outdoor Lighting Fishing Camping Chicken Coop Lamp Lights Solar Camping Lights for Outdoor Garden Tents,751,(0)
Heavy Duty Stainless Steel Kitchen Scissors Poultry Shears For Bone Chicken Fish Food Scissors,599,(0)
Hot BBQ Marinade Injector Flavor Syringe Cook Meat Poultry Smoker Turkey Chicken,599,(17)
"Infrared Brooder Heat Lamp Bulb, Poultry, chicken Bulb",899,(5)
"Quality kitchen Meat Tenderizer Tool,Stainless Steel Sharp Blade Tenderiser For Beef, Steak, Chicken, Pork and Veal",969,(0)
"6 Litre single deep fryer  Make authentic, restaurant-style fish and chips, chicken wings, mozzarella sticks and more with this fun, family size deep fryer.  With a convenient viewing window, you can",5999,(0)
"Nunix 6L+ 6LCommercial Double StainlessSteel DeepFryer-EnergySaveMake authentic, restaurant-style fish and chips, chicken wings, mozzarella sticks and",9999,(0)
1Pc 25/50/75/100W E27 Pet Heating Lamp 220V Infrared Ceramic Emitter Heat Light Bulb Pet Brooder Chickens Reptile Lamp,888,(3)
Incubator Eggtester Egg Incubator Candling Lamp 9 LED Super Cold Incubation Equipment Chicken Tool,899,(4)
stainless steel rotisserie chicken roaster grill stand,1029,(0)
Chicken Soup For The Soul,1235,(0)
"Chicken feeder(juakali)troughkeep food clean and prevent the chickens from standing in the food and soiling it as they love to do. They also keep the weather elements from affecting the food, keeping",500,(0)
Commercial Nunix Double Tank 6+6LT CHIPS/CHICKEN Stainless Steel double Deep Fryer Commercial,8990,(0)
5/10/20Pcs Automatic Chicken Waterer Drinking Bowls Bird Quail Water Feeder Drinker Chicken Water Cups for Backyard Farm Poultry,999,(0)
"Poultry,chicken Bulb 250 Watts",899,(0)
Chicken Bone Scissors Kitchen Scissors Duck Fish Cutter Shears Stainless Steel Meat Vegetable Scissors Cook Scissors Knife,1238,(0)
Exfoliating Yellow Skin Oil Moisturizes Removal Chicken Skin Delicates Skin Repair Brightens Yellow Improve Dry Body Care Oil,1498,(0)
Chicken Skin Repair Cream Curing Body Keratosis Pilaris Remove Acne Spots Rough Bumpy Pores Moisturizing Smooth Whitening Lotion,1698,(0)
